{
  "project_info": {
    "project_number": "596398423476",
    "firebase_url": "https://farm-market-app.firebaseio.com",
    "project_id": "farm-market-app",
    "storage_bucket": "farm-market-app.appspot.com"
  },
  "client": [
    {
      "client_info": {
        "mobilesdk_app_id": "1:596398423476:android:6a3bdc534bb15baa36c6e1",
        "android_client_info": {
          "package_name": "com.circleblastnetwork"
        }
      },
      "oauth_client": [
        {
          "client_id": "596398423476-katbu891mh9j0p54d15bilom6mqaj37k.apps.googleusercontent.com",
          "client_type": 1,
          "android_info": {
            "package_name": "com.circleblastnetwork",
            "certificate_hash": "c391a205602f653fa0cdcb73f3b66a9f9de5883a"
          }
        },
        {
          "client_id": "596398423476-bm343foh8b23iv18tihdvrnk1d5d4fa7.apps.googleusercontent.com",
          "client_type": 3
        }
      ],
      "api_key": [
        {
          "current_key": "AIzaSyAaU47JLKohHE0pgboXbc4zvsDpkxCQXVw"
        }
      ],
      "services": {
        "appinvite_service": {
          "other_platform_oauth_client": [
            {
              "client_id": "596398423476-bm343foh8b23iv18tihdvrnk1d5d4fa7.apps.googleusercontent.com",
              "client_type": 3
            },
            {
              "client_id": "596398423476-agibchfbs8m35j7joehbstdbbf3g2p69.apps.googleusercontent.com",
              "client_type": 2,
              "ios_info": {
                "bundle_id": "com.stuckeyAccelerate"
              }
            }
          ]
        }
      }
    },
    {
      "client_info": {
        "mobilesdk_app_id": "1:596398423476:android:a7ff3d87e95752c5",
        "android_client_info": {
          "package_name": "com.iefaap"
        }
      },
      "oauth_client": [
        {
          "client_id": "596398423476-nokoat39lidqrlp6panc2mvsmjn7ud65.apps.googleusercontent.com",
          "client_type": 1,
          "android_info": {
            "package_name": "com.iefaap",
            "certificate_hash": "c391a205602f653fa0cdcb73f3b66a9f9de5883a"
          }
        },
        {
          "client_id": "596398423476-bm343foh8b23iv18tihdvrnk1d5d4fa7.apps.googleusercontent.com",
          "client_type": 3
        }
      ],
      "api_key": [
        {
          "current_key": "AIzaSyAaU47JLKohHE0pgboXbc4zvsDpkxCQXVw"
        }
      ],
      "services": {
        "appinvite_service": {
          "other_platform_oauth_client": [
            {
              "client_id": "596398423476-bm343foh8b23iv18tihdvrnk1d5d4fa7.apps.googleusercontent.com",
              "client_type": 3
            },
            {
              "client_id": "596398423476-agibchfbs8m35j7joehbstdbbf3g2p69.apps.googleusercontent.com",
              "client_type": 2,
              "ios_info": {
                "bundle_id": "com.stuckeyAccelerate"
              }
            }
          ]
        }
      }
    },
    {
      "client_info": {
        "mobilesdk_app_id": "1:596398423476:android:4a55eb51a1d65eb436c6e1",
        "android_client_info": {
          "package_name": "com.stuckeyfarmmarket"
        }
      },
      "oauth_client": [
        {
          "client_id": "596398423476-sbnoei8rmhkauodpu7cgtuqg3oojhv84.apps.googleusercontent.com",
          "client_type": 1,
          "android_info": {
            "package_name": "com.stuckeyfarmmarket",
            "certificate_hash": "c391a205602f653fa0cdcb73f3b66a9f9de5883a"
          }
        },
        {
          "client_id": "596398423476-bm343foh8b23iv18tihdvrnk1d5d4fa7.apps.googleusercontent.com",
          "client_type": 3
        }
      ],
      "api_key": [
        {
          "current_key": "AIzaSyAaU47JLKohHE0pgboXbc4zvsDpkxCQXVw"
        }
      ],
      "services": {
        "appinvite_service": {
          "other_platform_oauth_client": [
            {
              "client_id": "596398423476-bm343foh8b23iv18tihdvrnk1d5d4fa7.apps.googleusercontent.com",
              "client_type": 3
            },
            {
              "client_id": "596398423476-agibchfbs8m35j7joehbstdbbf3g2p69.apps.googleusercontent.com",
              "client_type": 2,
              "ios_info": {
                "bundle_id": "com.stuckeyAccelerate"
              }
            }
          ]
        }
      }
    }
  ],
  "configuration_version": "1"
}